{"accuracy": [0.3099120259284973, 0.5367946624755859, 0.6063076853752136, 0.641600489616394, 0.6766788363456726, 0.6957734227180481, 0.7164771556854248, 0.7409354448318481, 0.7576700448989868, 0.7786955833435059, 0.7963955998420715, 0.8026174902915955, 0.8130229711532593, 0.8212829828262329, 0.8246084451675415, 0.8285775780677795, 0.8415576219558716, 0.8340485095977783, 0.8383393883705139, 0.8400557637214661, 0.8474576473236084, 0.8484230637550354, 0.8546449542045593, 0.8581849336624146, 0.8595795035362244, 0.8675177097320557, 0.8663377165794373, 0.8691267967224121, 0.8689122796058655, 0.8697704076766968, 0.8767431974411011, 0.8824286460876465, 0.8837159276008606, 0.8807122707366943, 0.8798540830612183, 0.8898305296897888, 0.8866122961044312, 0.891546905040741, 0.8957305550575256, 0.8963741660118103, 0.8958377838134766, 0.8986269235610962, 0.9027032852172852, 0.9099978804588318, 0.909461498260498, 0.9065651297569275, 0.9118214845657349, 0.9098905920982361, 0.9123578667640686, 0.9187942743301392], "loss": [1.9828978776931763, 1.3238688707351685, 1.0890178680419922, 0.9970775246620178, 0.8897433280944824, 0.831805408000946, 0.7817831039428711, 0.7128602266311646, 0.6488149166107178, 0.5867046117782593, 0.540626585483551, 0.5100743770599365, 0.47326353192329407, 0.45745494961738586, 0.4514789283275604, 0.4341670572757721, 0.40304189920425415, 0.41321122646331787, 0.4065951406955719, 0.3952026963233948, 0.3780059516429901, 0.37810420989990234, 0.35707706212997437, 0.3539522886276245, 0.35210442543029785, 0.3323664665222168, 0.3276820480823517, 0.3291465938091278, 0.32273542881011963, 0.31992653012275696, 0.31193020939826965, 0.29976141452789307, 0.29779115319252014, 0.2927223742008209, 0.29785871505737305, 0.28746920824050903, 0.2827182412147522, 0.27295294404029846, 0.27257364988327026, 0.26731550693511963, 0.2719461917877197, 0.2559323012828827, 0.24454541504383087, 0.2440214604139328, 0.234597846865654, 0.24590851366519928, 0.23269616067409515, 0.2368447631597519, 0.230385884642601, 0.2222624570131302], "val_accuracy": [0.4874497950077057, 0.5371485948562622, 0.6099397540092468, 0.6495984196662903, 0.7163654565811157, 0.7344377636909485, 0.711345374584198, 0.7344377636909485, 0.7991967797279358, 0.7359437942504883, 0.8132529854774475, 0.8288152813911438, 0.8288152813911438, 0.8027108311653137, 0.8318272829055786, 0.849397599697113, 0.836345374584198, 0.8087349534034729, 0.8353413939476013, 0.8413654565811157, 0.8313252925872803, 0.8569276928901672, 0.858433723449707, 0.8403614163398743, 0.8152610659599304, 0.8765060305595398, 0.8845381736755371, 0.8639557957649231, 0.8649598360061646, 0.8639557957649231, 0.8719879388809204, 0.861947774887085, 0.8930723071098328, 0.8719879388809204, 0.8885542154312134, 0.9021084308624268, 0.8980923891067505, 0.875, 0.8925702571868896, 0.9041164517402649, 0.8995984196662903, 0.8945783376693726, 0.897088348865509, 0.904618501663208, 0.8850401639938354, 0.8995984196662903, 0.9161646366119385, 0.8704819083213806, 0.9031124711036682, 0.9231927990913391], "val_loss": [1.552612066268921, 1.22945237159729, 1.2066906690597534, 1.0149112939834595, 0.7971721887588501, 0.6893070340156555, 0.914667546749115, 0.7476987242698669, 0.5617364645004272, 0.659463107585907, 0.5061525106430054, 0.4411377012729645, 0.4581122100353241, 0.538519024848938, 0.44081050157546997, 0.40683287382125854, 0.4930940270423889, 0.5644026398658752, 0.4191756248474121, 0.39561939239501953, 0.46661025285720825, 0.38699108362197876, 0.3731389343738556, 0.41029679775238037, 0.6545103192329407, 0.3377608358860016, 0.32091185450553894, 0.34678542613983154, 0.36182114481925964, 0.3983471691608429, 0.33786243200302124, 0.35528993606567383, 0.2850334346294403, 0.3596106171607971, 0.30624184012413025, 0.2636217176914215, 0.28231725096702576, 0.39930328726768494, 0.31860437989234924, 0.28271836042404175, 0.2778007686138153, 0.31037893891334534, 0.29804903268814087, 0.28046533465385437, 0.3408893048763275, 0.2778579592704773, 0.2527698278427124, 0.42243900895118713, 0.2810136675834656, 0.2371920943260193]}